Date,App_Name,Category,Minutes_Used
2026-07-20,VS Code,Coding,180
2026-07-20,Slack,Productivity,45
2026-07-20,TikTok,Social Media,60
2026-07-20,Notion,Productivity,30
2026-07-21,VS Code,Coding,200
2026-07-21,YouTube,Entertainment,90
2026-07-21,Reddit,Social Media,40
2026-07-21,Duolingo,Education,15
2026-07-22,TikTok,Social Media,150
2026-07-22,Instagram,Social Media,120
2026-07-22,VS Code,Coding,60
2026-07-23,VS Code,Coding,240
2026-07-23,StackOverflow,Education,45
2026-07-23,Netflix,Entertainment,120
2026-07-23,Duolingo,Education,20
2026-07-24,VS Code,Coding,150
2026-07-24,Slack,Productivity,60
2026-07-24,Spotify,Entertainment,90
2026-07-24,TikTok,Social Media,120
2026-07-25,Netflix,Entertainment,300
2026-07-25,Instagram,Social Media,180
2026-07-25,Reddit,Social Media,90
2026-07-26,Notion,Productivity,45
2026-07-26,Duolingo,Education,30
2026-07-26,YouTube,Entertainment,60
2026-07-26,VS Code,Coding,45
2026-07-27,VS Code,Coding,300
2026-07-27,GitHub,Productivity,45
2026-07-27,Slack,Productivity,60
2026-07-28,TikTok,Social Media,200
2026-07-28,YouTube,Entertainment,240
2026-07-28,Instagram,Social Media,60
2026-07-29,VS Code,Coding,120
2026-07-29,Notion,Productivity,60
2026-07-29,Duolingo,Education,15
2026-07-30,VS Code,Coding,180
2026-07-30,Reddit,Social Media,45
2026-07-30,Netflix,Entertainment,90
2026-07-30,Slack,Productivity,30
2026-07-31,VS Code,Coding,100
2026-07-31,Spotify,Entertainment,120
2026-07-31,Instagram,Social Media,90
2026-07-31,TikTok,Social Media,45
2026-08-01,VS Code,Coding,240
2026-08-01,GitHub,Productivity,60
2026-08-01,YouTube,Entertainment,45
2026-08-02,Notion,Productivity,60
2026-08-02,TikTok,Social Media,30
2026-08-02,Netflix,Entertainment,120
2026-08-02,Duolingo,Education,15
